# name	sha256	size	format	sections	max_trip_c	shutdown_c
thermal-arvr.conf	6bf35751fd3380c45014581d202b7fde19a6c7b36720d12a84934348956b6931	2896	encrypted	0		
thermal-camera.conf	589a45f70329931ddd32a441487bed543a5310e86f73f098af6ce32b8bcacfd4	3072	encrypted	0		
thermal-chg-only.conf	d4c1838831029192c21434c649ce524f24fe985e3f6881bbeb15380cd7919dfe	560	encrypted	0		
thermal-map.conf	671c872b6952eb048c3d8715185a2a20fca41e8e1c2610216c045c9dad48a308	304	encrypted	0		
thermal-nolimits.conf	6350b368cb4689da6b129710e2adbb00809985bd8f6cfd5b01d8ad8f553dc4a3	1440	encrypted	0		
thermal-normal.conf	bbd9b8b5cce76a2685f4f7cd5969086b5c99c9910a4486591e175ed493e3ab44	2000	encrypted	0		
thermal-phone.conf	ffae86d9d0fcabab49b0f1c56a1bd37e321aeaae28481810be6c3b9aae7f8769	3456	encrypted	0		
thermal-tgame.conf	2e29732e6e783f77b438170bdfbb8e8544882cb4b2f4f905a01605d31388b64e	2592	encrypted	0		
thermal-youtube.conf	7ba247603a87618d03410fa543871e971c93d509c5e18d047fe3a44253b32ee1	1664	encrypted	0		
thermald-devices.conf	93ccbf63475ce98d7093d9ef6140e31515c787e55149a352638efce4c3dd3a99	498	text-unknown	0		
